login,name,profile_url,bio,public_repos,followers,following,commits_last_year,contributed_repos
Rich-Harris,Rich Harris,https://github.com/Rich-Harris,,392,20245,0,50,1
dummdidumm,Simon H,https://github.com/dummdidumm,Passionate about web frontends. ,57,723,0,50,1
paoloricciuti,Paolo Ricciuti,https://github.com/paoloricciuti,You can find me around the web as pablopang or as paoloricciuti.,162,251,51,50,1
Ocean-OS,ComputerGuy,https://github.com/Ocean-OS,I program stuff,27,44,96,48,1
7nik,,https://github.com/7nik,,18,9,0,31,1
trueadm,Dominic Gannaway,https://github.com/trueadm,"I'm a software engineer. Author of Ripple, @lexicaljs and @infernojs. Former @reactjs core team engineer, and core maintainer of @sveltejs at @vercel.",65,4814,35,26,1
benmccann,Ben McCann,https://github.com/benmccann,"Co-Founder of AI search company, Connectifier - acquired by LinkedIn.

A creator of SvelteKit and maintainer of data libraries Tablesaw and Chart.js",827,1265,2,20,1
adiguba,adiGuba,https://github.com/adiguba,,4,3,0,16,1
elliott-with-the-longest-name-on-github,Elliott Johnson,https://github.com/elliott-with-the-longest-name-on-github,"Striving to stay gruntled and corrigible, but never peccable.

Svelte Core team",48,92,1,14,1
navorite,Ahmad S.,https://github.com/navorite,Free Palestine,8,13,3,4,1
dominikg,Dominik G.,https://github.com/dominikg,"PSA: 
I don't use upwork or similar platforms to look for jobs or offer my services. 
Do not contact me with offers via github account email.",80,365,25,4,1
Conduitry,,https://github.com/Conduitry,,41,681,0,1,1
PuruVJ,Puru Vijay,https://github.com/PuruVJ,"I make things small and fast üöÄ
@sveltejs team
",102,987,67,1,1
brunnerh,,https://github.com/brunnerh,,52,27,18,1,1
github-actions[bot],,https://github.com/apps/github-actions,,0,0,0,0,1
tanhauhau,Tan Li Hau,https://github.com/tanhauhau,"Frontend Developer at @Shopee 
üá≤üáæüíªin üá∏üá¨",233,1644,280,0,1
baseballyama,Yuichiro Yamashita,https://github.com/baseballyama,,104,81,5,0,1
gtm-nayan,gtmnayan,https://github.com/gtm-nayan,,86,56,20,0,1
dependabot[bot],,https://github.com/apps/dependabot,,0,0,0,0,1
Swatinem,Arpad Borsos,https://github.com/Swatinem,,170,454,67,0,1
DreaminDani,Dani Sandoval,https://github.com/DreaminDani,Putting the human experience first. Developing solutions to make it better.,68,41,10,0,1
jacwright,Jacob Wright,https://github.com/jacwright,,76,160,5,0,1
lukeed,Luke Edwards,https://github.com/lukeed,,342,4992,23,0,1
mrkishi,Maur√≠cio Kishi,https://github.com/mrkishi,,28,96,23,0,1
mindrones,Luca Bonavita,https://github.com/mindrones,"Data visualization, linked data, all things visual.",20,114,79,0,1
pngwn,pngwn,https://github.com/pngwn,brrrrrr!,97,811,11,0,1
ngtr6788,Nguyen Tran,https://github.com/ngtr6788,,17,6,0,0,1
geoffrich,Geoff Rich,https://github.com/geoffrich,@sveltejs team member and pianist.,84,253,6,0,1
ekhaled,Khaled Ahmed,https://github.com/ekhaled,,59,45,2,0,1
ignatiusmb,Ignatius Bagus,https://github.com/ignatiusmb,in a rabbit hole,16,108,1,0,1
EmilTholin,Emil Tholin,https://github.com/EmilTholin,,9,182,10,0,1
antony,Antony Jones,https://github.com/antony,Chief Technical Officer @beyonk-group Previously CTA @vendigo-group. Creator of @vudash. Software Quality zealot. Agile fanatic. Open source obsessive,201,379,70,0,1
tivac,Pat Cavit,https://github.com/tivac,Web Programming. JS build tooling.,131,176,37,0,1
jches,j chesley,https://github.com/jches,,4,7,1,0,1
zxbodya,Bogdan Savluk,https://github.com/zxbodya,,56,93,18,0,1
btk5h,Bryan Terce,https://github.com/btk5h,pog,55,45,2,0,1
PaulBGD,PaulBGD,https://github.com/PaulBGD,A guy. ,164,154,24,0,1
halfnelson,,https://github.com/halfnelson,,99,163,3,0,1
pushkine,pushkine,https://github.com/pushkine,,20,14,9,0,1
GarrettGeorge,Garrett George,https://github.com/GarrettGeorge,,23,6,0,0,1
btakita,Brian Takita,https://github.com/btakita,,262,150,111,0,1
FWeinb,Fabrice,https://github.com/FWeinb,,124,138,7,0,1
TehShrike,Josh Duff,https://github.com/TehShrike,JavaScript ‚Ä¢ Open Source ‚Ä¢ Business Software ‚Ä¢ Chat with me on Discord: TehShrike#4520,426,349,182,0,1
jamesbirtles,James Birtles,https://github.com/jamesbirtles,,67,103,17,0,1
colincasey,Colin Casey,https://github.com/colincasey,,50,48,7,0,1
evs-chris,Chris Reeves,https://github.com/evs-chris,,67,62,0,0,1
fcrozatier,Fr√©d√©ric Crozatier,https://github.com/fcrozatier,,48,31,0,0,1
jacobmischka,Jacob Mischka,https://github.com/jacobmischka,uwu,226,97,147,0,1
bluwy,Bjorn Lu,https://github.com/bluwy,Building tools for fun. @vitejs core team member.,80,1563,42,0,1
kaisermann,Christian Kaisermann,https://github.com/kaisermann,building things for others to build their things.,89,599,98,0,1
zpao,Paul O‚ÄôShannessy,https://github.com/zpao,I do open source things at @facebook.,167,5274,24,0,0
axemclion,Parashuram N,https://github.com/axemclion,"Developer, Serial Hacker, Midnight Dog walker",29,629,0,0,0
paulirish,Paul Irish,https://github.com/paulirish,,378,31758,334,0,0
dfilatov,Filatov Dmitry,https://github.com/dfilatov,,55,225,6,0,0
mrdoob,,https://github.com/mrdoob,,49,24675,194,0,0
localvoid,Boris Kaul,https://github.com/localvoid,,111,195,9,0,0
callumlocke,Callum Locke,https://github.com/callumlocke,,236,387,32,0,0
dchambers,Dominic Chambers,https://github.com/dchambers,Œª - The Ultimate GOTO,88,37,3,0,0
Bobris,Boris Letocha,https://github.com/Bobris,"Whole life developer, architect",35,150,92,0,0
tlvince,Tom Vincent,https://github.com/tlvince,,477,97,29,0,0
lozlow,Pete Shaw,https://github.com/lozlow,,42,17,6,0,0
rvagg,Rod Vagg,https://github.com/rvagg,Byte craftsman,213,2557,0,0,0
yyx990803,Evan You,https://github.com/yyx990803,"Founder @voidzero-dev, author of @vuejs and @vitejs. Connoisseur of sushi.",198,106427,100,0,0
paldepind,Simon Friis Vindum,https://github.com/paldepind,I love writing code.,138,710,7,0,0
AndyLyons,Andrew Lyons,https://github.com/AndyLyons,,1,9,0,0,0
dogoku,Theo,https://github.com/dogoku,WebPug,45,26,6,0,0
nightwolfz,Ryan M.,https://github.com/nightwolfz,,112,70,42,0,0
gaearon,dan,https://github.com/gaearon,,291,90210,174,0,0
zertosh,Andres Suarez,https://github.com/zertosh,,65,742,3,0,0
samccone,Sam Saccone,https://github.com/samccone,üèä‚Äç‚ôÇÔ∏è,409,2255,0,0,0
avsmithy,Alex Smith,https://github.com/avsmithy,,2,21,3,0,0
simo101,Simon Black,https://github.com/simo101,,126,54,14,0,0
vegetableman,vignesh anand,https://github.com/vegetableman,,155,0,0,0,0
WolframHempel,Wolfram Hempel,https://github.com/WolframHempel,"co-founder of https://hivekit.io/ formerly made https://arcentry.com/, https://deepstream.io/ and https://golden-layout.com/",22,138,1,0,0
charypar,Viktor Charypar,https://github.com/charypar,Tech Director @ Red Badger,36,120,41,0,0
Ganners,Mark Gannaway,https://github.com/Ganners,,32,46,54,0,0
briandipalma,Brian Di Palma,https://github.com/briandipalma,,174,62,12,0,0
mweststrate,Michel Weststrate,https://github.com/mweststrate,,79,3183,8,0,0
Havunen,Sampo Kivist√∂,https://github.com/Havunen,"Founder & CEO at AutoExplore Oy‚ÄÅ‚ÄÅ
  :fire: InfernoJS ü¶Ä",126,124,17,0,0
markhankins,Mark hankins,https://github.com/markhankins,"Open source enthusiast. Python, AWS, DevOps.
    
",4,9,9,0,0
ahejlsberg,Anders Hejlsberg,https://github.com/ahejlsberg,"Microsoft Technical Fellow and lead architect of TypeScript. Original designer of C#, Delphi, and Turbo Pascal.",4,16250,0,0,0
fopsdev,Philipp Knecht,https://github.com/fopsdev,,3,19,88,0,0
thomas-gilbert,Thomas Gilbert,https://github.com/thomas-gilbert,,8,17,2,0,0
sarahfwood,Sarah,https://github.com/sarahfwood,Junior Developer & General Assembly Graduate,20,27,46,0,0
ry,Ryan Dahl,https://github.com/ry,,61,32945,39,0,0
alex,Alex Gaynor,https://github.com/alex,"I program computers, and build teams that program computers, with a heavy focus on security.",493,10471,38,0,0
aemkei,Martin Kleppe,https://github.com/aemkei,"Mapper. Reducer. ‚Äì Co-Founder of @Ubilabs, GDE for the Google Maps API, Organizer of HHjs and @JSUnconf, Code-Golfing at http://aem1k.com ",70,1764,28,0,0
cheeaun,Chee Aun,https://github.com/cheeaun,"Product-first Front-end Engineer. Interested in design, dataviz, maps, public transport & stickers.",248,1823,1060,0,0
fadhlirahim,Fadhli Rahim,https://github.com/fadhlirahim,,26,103,156,0,0
sssionggg,Siong,https://github.com/sssionggg,,141,205,31,0,0
Intellicode,Tom Hastjarjanto,https://github.com/Intellicode,Vibe coder - Kubernetes / Kotlin / TypeScript,50,64,12,0,0
sophiebits,Sophie Alpert,https://github.com/sophiebits,principal engineer. powered by dumplings!,176,10386,0,0,0
isaacs,isaacs,https://github.com/isaacs,"npm inventor, founder npm, Inc.
Former Node BDFL.
All opinions are my own. Literally all of them. I own them all.",477,15888,4,0,0
petebacondarwin,Pete Bacon Darwin,https://github.com/petebacondarwin,"2021: Systems Engineer at Cloudflare;
2014: Angular Core team member;
2004: Dad from 2004.",237,1602,13,0,0
zkat,Kat March√°n,https://github.com/zkat,too tired,215,4704,63,0,0
threepointone,Sunil Pai,https://github.com/threepointone,,344,3972,0,0,0
tj,TJ,https://github.com/tj,,296,51478,45,0,0
bvaughn,Brian Vaughn,https://github.com/bvaughn,"Turning coffee into software.

Formerly developer tooling at @replayio, React core at @facebook, and @google.",169,11569,1,0,0
dandv,Dan Dascalescu,https://github.com/dandv,"Consultant @anthropics. Ex @weaviate, @google, @yahoo.  Founded the Quantified Self Forum, Blueseed (the visa-free startup ship project) and 3 web startups.",831,707,30,0,0
mobz,Ben Birch,https://github.com/mobz,,38,253,23,0,0
leebyron,Lee Byron,https://github.com/leebyron,"Director of @graphql Foundation.

Prev: @watershed-climate, @robinhoodmarkets, @facebook, @tc39, @nytimes",112,5282,2,0,0
latentflip,Philip Roberts,https://github.com/latentflip,,361,3938,33,0,0
mathiasbynens,Mathias Bynens,https://github.com/mathiasbynens,"Web standards fanatic. JavaScript, HTML, CSS, HTTP, performance, security, Bash, Unicode, macOS.",589,12802,163,0,0
developit,Jason Miller,https://github.com/developit,Creator of @preactjs. DX @Shopify.,343,12922,376,0,0
addyosmani,Addy Osmani,https://github.com/addyosmani,Engineering Lead at Google working on Chrome & Web Platform,346,44810,265,0,0
jridgewell,Justin Ridgewell,https://github.com/jridgewell,,242,1289,0,0,0
dashed,Alberto Leal,https://github.com/dashed,üá®üá¶ he/him/his,187,252,589,0,0
benbahrenburg,Ben Bahrenburg,https://github.com/benbahrenburg,"Bringing Innovation to the enterprise.
JS. Swift. Data. ML. Geo.",122,421,151,0,0
getify,Kyle Simpson,https://github.com/getify,Kyle Simpson is a Human-Centric Technologist. He's fighting for the people behind the pixels.,75,44989,3,0,0
sofish,Â∞èÈ±º,https://github.com/sofish,,41,10484,19,0,0
sindresorhus,Sindre Sorhus,https://github.com/sindresorhus,"Full-Time Open-Sourcerer. Focused on Swift & JavaScript. Makes macOS apps, CLI tools, npm packages.",1131,76739,31,0,0
dtinth,Thai Pangsakulyanont,https://github.com/dtinth,JavaScript¬†musician?????¬†CSS¬†layout¬†destroyer!!!!!¬†WHEEEEEEEEEEEEEEEEEEEEEEEEEEEEEEEEEEEEEEEEEEEEEEEEEEEEEEEEEEEEEEEEEEEEEEEEEEEEEEEEEEEEEEEEEEEEEEEEEEEEEEEEEEE,837,2122,629,0,0
Jinjiang,Jinjiang,https://github.com/Jinjiang,0.1.x Engineer + ‚öΩÔ∏èüíª,76,7182,0,0,0
honcheng,honcheng,https://github.com/honcheng,,70,988,52,0,0
surma,Surma,https://github.com/surma,"DX at Shopify. Web Platform Advocate. Craving simplicity, finding it nowhere. Internetrovert üè≥Ô∏è‚Äçüåà",59,4560,0,0,0
yuanchuan,Yuan Chuan,https://github.com/yuanchuan,"Keep it simple, sweetie. 
",43,1424,100,0,0
lxcid,Stan Chang,https://github.com/lxcid,Co-Founder & CTO of Taskade (YC S19),118,276,287,0,0
evantahler,Evan Tahler,https://github.com/evantahler,"Nerd. Future Late Night Talkshow host.  Head  of eng @ArcadeAI. 

Working on @actionhero, Node-Resque, and more!  Prev @airbytehq @grouparoo @airbus-sv, @task",100,350,83,0,0
floatdrop,Vsevolod Strukchinsky,https://github.com/floatdrop,I solemnly swear that I am up to no good.,148,520,11,0,0
jonschlinkert,Jon Schlinkert,https://github.com/jonschlinkert,Son of GitHub. Humble student of @doowb. Creator of @assemble @generate @enquirer @breakdance @update @micromatch,862,4836,75,0,0
sethvargo,Seth Vargo,https://github.com/sethvargo,Engineer,56,4517,6,0,0
fdintino,Frankie Dintino,https://github.com/fdintino,,111,91,0,0,0
opensas,opensas,https://github.com/opensas,Available for freelance jobs | Full stack developer | Free software advocate | Nerd by nature | Hacker by night,90,112,26,0,0
rohitsm,Rohit,https://github.com/rohitsm,"Software Engineer at Apple Ô£ø; 
NTUSg Alumni",23,33,45,0,0
cylarez,Sylvain Nicolle,https://github.com/cylarez,,6,8,3,0,0
jeffmo,Jeff Morrison,https://github.com/jeffmo,,75,1146,1,0,0
mohsen1,Mohsen Azimi,https://github.com/mohsen1,"‚ô• Open Source!

https://twitter.com/mohsen____",285,504,69,0,0
vitoc,Vito Chin,https://github.com/vitoc,"Software, languages, automation, AI, cloud, economics, design.",125,94,116,0,0
paulmillr,Paul Miller,https://github.com/paulmillr,,60,4321,0,0,0
zineer,Joel Duifhuis,https://github.com/zineer,,16,5,0,0,0
hzoo,Henry,https://github.com/hzoo,Learning to maintain stuff,65,5317,0,0,0
serrynaimo,Thomas Gorissen,https://github.com/serrynaimo,,43,121,4,0,0
fuzzie360,Fazli Sapuan,https://github.com/fuzzie360,,32,78,1,0,0
kfowler,Kevin Fowler,https://github.com/kfowler,,129,35,67,0,0
jjersin,John Jersin,https://github.com/jjersin,"Active startup investor, advisor, and board director for a wide range of companies in Silicon Valley and throughout the world",0,5,3,0,0
joshnuss,Joshua Nussbaum,https://github.com/joshnuss,,272,464,33,0,0
Charca,Maxi Ferreira,https://github.com/Charca,,114,473,12,0,0
jakearchibald,Jake Archibald,https://github.com/jakearchibald,,247,11481,4,0,0
ciscoheat,Andreas S√∂derlund,https://github.com/ciscoheat,,121,338,2,0,0
KevinBongart,Kevin Bongart,https://github.com/KevinBongart,"Software engineer with 15 years of experience with Ruby on Rails, specialized in Operations and Logistics.",80,77,23,0,0
shiffman,Daniel Shiffman,https://github.com/shiffman,,172,19489,35,0,0
spences10,Scott Spence,https://github.com/spences10,I've never Svelte like this before!,275,926,412,0,0
kevmodrome,Kevin √Öberg Kultalahti,https://github.com/kevmodrome,"Technical Community Builder at Svelte Society, Organizer of Svelte Summit.",47,191,9,0,0
mansona,Chris Manson,https://github.com/mansona,,314,153,52,0,0
khromov,Stanislav Khromov,https://github.com/khromov,üë®‚ÄçüíªÔ∏è Full-stack software engineer,282,364,41,0,0
danielimmke,Daniel Immke,https://github.com/danielimmke,,12,47,17,0,0
mattmezza,Matteo Merola,https://github.com/mattmezza,Engineering Manager @ IKEA by day and building SaaS apps by night @saaskoala ,92,175,467,0,0
oscard0m,Oscar Dominguez,https://github.com/oscard0m,Software Engineer üíª:‚öΩü§ìü§ñ,77,123,91,0,0
toniengelhardt,toni,https://github.com/toniengelhardt,,30,45,73,0,0
43081j,James Garbutt,https://github.com/43081j,¬Ø\_(„ÉÑ)_/¬Ø,277,339,3,0,0
SarcevicAntonio,Antonio Sarcevic,https://github.com/SarcevicAntonio,"Queer person living in M√ºnster.
Loves to craft solid user experiences.
Enjoys fingerboarding, music, dancing, and flowers.",20,75,79,0,0
swyxio,swyx.io,https://github.com/swyxio,"ai/software 3.0: https://latent.space/

devrel/devtools: https://dx.tips/

blog: https://swyx.io/ideas

advice/career book: https://learninpublic.org",710,7222,176,0,0
intersimone999,Simone Scalabrino,https://github.com/intersimone999,,46,48,29,0,0
ivcandela,Ivan Candela,https://github.com/ivcandela,"A modern web-developer with a solid SE background, full-stack perspective and everlasting curiosity",11,21,21,0,0
antfu,Anthony Fu,https://github.com/antfu,"A ship in harbor is safe, but that is not what ships are built for.",383,38084,396,0,0
LukeMathWalker,Luca Palmieri,https://github.com/LukeMathWalker,"Playing around with Rust, at $dayjob and for fun.",119,3222,47,0,0
steveruizok,Steve Ruiz,https://github.com/steveruizok,"Founder & CEO, @tldraw ",169,3225,7,0,0
sveltejs,Svelte,https://github.com/sveltejs,Web development for the rest of us,84,4600,0,0,0
multiplehats,Chris Jayden,https://github.com/multiplehats,Svelte is the way. ,13,26,17,0,0
TGlide,Thomas G. Lopes,https://github.com/TGlide,"üç® Building Melt UI

üß° Svelte Ambassador

üíª Frontend Human",197,509,107,0,0
mattpocock,Matt Pocock,https://github.com/mattpocock,"TypeScript wizard. Building Total TypeScript - a comprehensive, production-grade TypeScript course.

Ex-Vercel, Stately.",208,6550,34,0,0
danielroe,Daniel Roe,https://github.com/danielroe,@nuxt ‚Ä¢ @unjs ‚Ä¢ @vuejs ‚Ä¢ @elk-zone,852,5545,170,0,0
K-Sato1995,K-Sato,https://github.com/K-Sato1995,üê∂üêïüêï‚Äçü¶∫ü¶Æüêæ,176,135,325,0,0
matiadev,Matia,https://github.com/matiadev,Front-end developer with a passion for JavaScript and UI/UX design,117,818,26,0,0
beerinho,Daniel Beer,https://github.com/beerinho,,10,4,2,0,0
brittneypostma,Brittney Postma,https://github.com/brittneypostma,"Svelte enthusiast crafting component libraries and design systems. Background in graphic design, passionate about accessibility-first development and fluid UXUI",246,323,112,0,0
grischaerbe,Grischa Erbe,https://github.com/grischaerbe,"üöÄ Freelance Fullstack Engineer with formal design training üé® 3D web maestro, translating design dreams into digital realities üåê Creator of @threlte üí°",25,116,28,0,0
ghostdevv,Willow (GHOST),https://github.com/ghostdevv,Well when life gives you lemons,176,234,96,0,0
juliusmarminge,Julius Marminge,https://github.com/juliusmarminge,"üá∏üá™. Founding Engineer @pingdotgg üá∫üá∏, Open Source üåç",256,1988,30,0,0
stordahl,Jacob St√∏rdahl,https://github.com/stordahl,,50,100,110,0,0
Peter-512,Peter Buschenreiter,https://github.com/Peter-512,Software Engineer at DataCamp | Applied Computer Science graduate at Karel de Grote Hogeschool | SvelteKit enthusiast,42,18,20,0,0
huntabyte,Hunter Johnston,https://github.com/huntabyte,To define is to limit.,156,1824,24,0,0
vitest-dev,Vitest,https://github.com/vitest-dev,A blazing fast unit test framework powered by Vite,6,646,0,0,0
rauchg,Guillermo Rauch,https://github.com/rauchg,,139,16346,882,0,0
mourner,Volodymyr Agafonkin,https://github.com/mourner,"Engineer at @mapbox, building mapping tools of the future. Creator of @Leaflet. Algorithms geek, rock musician, baker, father of twin girls, Ukrainian üá∫üá¶",80,6093,294,0,0
buhrmi,Stefan Buhrmester,https://github.com/buhrmi,,42,88,2,0,0
manucorporat,Manu MA,https://github.com/manucorporat,,142,2818,26,0,0
adamdbradley,Adam Bradley,https://github.com/adamdbradley,"Director of Technology at BuilderIO, working an working on Generative AI. Previously  
http://ionicframework.com/ 
https://stenciljs.com/ ",88,1799,30,0,0
EricSimons,Eric Simons,https://github.com/EricSimons,https://esft.com,38,944,6,0,0
patak-dev,patak,https://github.com/patak-dev,Matias Capeletto ‚Ä¢ @vitejs Core Team ‚Ä¢ @vitest-dev @elk-zone Team,53,3104,97,0,0
angus-c,angus croll,https://github.com/angus-c,"TV @ Netflix / Author ""If Hemingway Wrote JavaScript"" / Wrote Official Babel Song ",112,1561,12,0,0
stolinski,Scott Tolinski,https://github.com/stolinski,Syntax.fm,160,3729,61,0,0
markdalgleish,Mark Dalgleish,https://github.com/markdalgleish,"ü¶Ñ CSS Modules co-creator / üíø @remix-run at @shopify üõçÔ∏è / üßÅ Vanilla Extract / Creator of Braid, Playroom / MelbJS organiser / dad x4",258,3262,80,0,0
raineorshine,Raine Revere,https://github.com/raineorshine,I design and build augmented sensemaking tools. üß†üßú‚Äç‚ôÄÔ∏èüîÆ,340,1144,98,0,0
steve8708,Steve Sewell,https://github.com/steve8708,"Founder, CEO - Builder.io",129,1248,4,0,0
marvinhagemeister,Marvin Hagemeister,https://github.com/marvinhagemeister,I like simple and fast things,332,1682,36,0,0
cassidoo,Cassidy Williams,https://github.com/cassidoo,Making memes and dreams... and software,178,14452,105,0,0
GrygrFlzr,Martin Krisnanto Putra,https://github.com/GrygrFlzr,Contributor to @sveltejs and @vitejs ,57,116,0,0,0
RedHatter,Ava Johnson,https://github.com/RedHatter,,105,49,4,0,0
ije,Je Xia,https://github.com/ije,,19,628,32,0,0
bautistaaa,,https://github.com/bautistaaa,engineer @ netflix,61,1293,11,0,0
brunosimon,Bruno Simon,https://github.com/brunosimon,,82,21186,0,0,0
TrySound,Bogdan Chadkin,https://github.com/TrySound,Building open source web apps full time. Available for hire.,206,1059,2,0,0
joshwcomeau,Joshua Comeau,https://github.com/joshwcomeau,"Software developer.
Makes stuff.",230,7688,26,0,0
wheatjs,wheat,https://github.com/wheatjs,Electrical Engineer & Software Developer,51,569,74,0,0
mattgperry,Matt Perry,https://github.com/mattgperry,Author of Motion.,9,1618,1,0,0
benawad,Ben Awad,https://github.com/benawad,Voidpet cofounder ‚Ä¢ ex-youtuber,256,29089,4,0,0
uloco,Umut Topuzoƒülu,https://github.com/uloco,"Curious about all the things!
Founder. Software Engineer. Visual artist. Musician. Lifelong Learner. Multipod.",102,59,23,0,0
pastelsky,Shubham Kanodia,https://github.com/pastelsky,A maker üõ´ along the design-development continuum. ,138,992,4,0,0
ealush,Evyatar,https://github.com/ealush,,60,301,62,0,0
d3lm,Dominic Elm,https://github.com/d3lm,Founding Engineer and Team Lead @StackBlitz ‚Ä¢ Building WebContainer ‚Ä¢ GDE ‚Ä¢ JavaScript stuff ‚Ä¢ Node.js ‚Ä¢ Rust ü¶Ä ‚Ä¢ Deep Learning ü§ñ ‚Ä¢ Cyclist üö¥‚Äç,44,503,74,0,0
okikio,Okiki Ojo,https://github.com/okikio,"Prev. @vercel; Maintainer on @withastro; Creator of bundlejs.com & inthistweet.app.

My student projects are located at @okikio-school",125,336,204,0,0
johnjacobkenny,Kenny John Jacob,https://github.com/johnjacobkenny,"Full stack web developer. Love to build solutions to problems. Enjoy mentoring and guiding juniors, and improving developer happiness and productivity üíô",33,31,8,0,0
zeucapua,zeudev,https://github.com/zeucapua,software engineer | tech content,59,349,67,0,0
lydiahallie,Lydia Hallie,https://github.com/lydiahallie,,62,14828,0,0,0
meganrogge,Megan Rogge,https://github.com/meganrogge,,42,398,1,0,0
SimonHoiberg,Simon H√∏iberg,https://github.com/SimonHoiberg,Software Engineer ‚Äß Business Owner ‚Äß Starter,22,885,16,0,0
basuke,Basuke Suzuki,https://github.com/basuke,Software Engineer. WebKit reviewer.,109,74,12,0,0
rui314,Rui Ueyama,https://github.com/rui314,,46,6401,8,0,0
kazupon,kazuya kawaguchi,https://github.com/kazupon,"software engineer, @vuejs core team member, creator of gunshi, @intlify & i18n enthusiast, vue fes japan & @vuejs-jp organizer, and wasm love",334,4251,458,0,0
whitphx,Yuichiro Tachibana (Tsuchiya),https://github.com/whitphx,"Software Artisan, Indie Dev, OSS Enthusiast",149,687,20,0,0
thvinmei,T.H.,https://github.com/thvinmei,„Å™„Çì„ÅãËâ≤„ÄÖ‰Ωú„Å£„Å¶ÈÅä„Çì„Å†„ÇÇ„ÅÆ„ÇíÂÖ¨Èñã„Åó„Å¶„ÇãÂ†¥ÊâÄ„ÄÇ,30,9,15,0,0
jonhoo,Jon Gjengset,https://github.com/jonhoo,"Rust educational streamer. At @helsing-ai. Previously at AWS. A fan of making things secure, fast, scalable, and well-documented.",260,13092,5,0,0
ShogunPanda,Paolo Insogna,https://github.com/ShogunPanda,"@nodejs TSC Member, Principal Engineer at @platformatic, Polyglot Developer. RPG and LARP addicted and nerd on lot more. Surrounded by lovely chubby cats.",69,284,5,0,0
raphlinus,Raph Levien,https://github.com/raphlinus,,86,2291,0,0,0
BurntSushi,Andrew Gallant,https://github.com/BurntSushi,I love to code.,181,11647,3,0,0
pachacamac,Marc,https://github.com/pachacamac,"In love with web technologies, AI, data analysis, open soft- and hardware, computer vision, robotics, complex simplicity, thinking differently, traveling.",85,144,192,0,0
gka,Gregor Aisch,https://github.com/gka,"Senior visual data journalist @ZeitOnline, Co-founder @Datawrapper, proud @nytgraphics alumni. most of my old repos live at @vis4 now",43,1257,86,0,0
chenyang78,Yang Chen,https://github.com/chenyang78,,12,52,0,0,0
faultyserver,Jon,https://github.com/faultyserver,web platform @discord | head of event production @GamesDoneQuick,51,90,24,0,0
jellysquid3,JellySquid,https://github.com/jellysquid3,"Professional idiot at day, maniac programmer by night.",16,0,0,0,0
emeryberger,Emery Berger,https://github.com/emeryberger,"Professor of Computer Science, UMass Amherst; Amazon Scholar. Co-director of @plasma-umass, Scalene, Slipcover, Coz, Hoard, and more. Creator of CSrankings.",76,1433,18,0,0
ccurtsinger,Charlie Curtsinger,https://github.com/ccurtsinger,Associate Professor of Computer Science at Grinnell College,17,125,16,0,0
gboeing,Geoff Boeing,https://github.com/gboeing,"Urban planning professor at USC: geospatial data science, urban networks, information landscapes",66,2767,82,0,0
rafaelalmeidatk,Rafael Almeida,https://github.com/rafaelalmeidatk,"Learning how to break stuff in different ways. Interested in TS, React, GraphQL, and security.",73,264,10,0,0
jerber,Jeremy Berman,https://github.com/jerber,post-training @reflectionai. prev @ndea and co-founder of @beatgig. yc w19.,31,94,15,0,0
higsch,Matthias Stahl,https://github.com/higsch,Designer üü£ developer üîµ scientist ,101,336,433,0,0
tropicaaal,Tropical,https://github.com/tropicaaal,"systems programmer and frontend developer üå¥


studying CS at Auburn University",37,272,60,0,0
arctic-hen7,Sam Brew,https://github.com/arctic-hen7,I can occasionally convince myself that I know what I'm doing.,55,100,15,0,0
github,GitHub,https://github.com/github,How people build software.,530,66020,0,0,0
WebReflection,Andrea Giammarchi,https://github.com/WebReflection,"Web, Mobile, IoT and all Web & JS things since 00's",589,2270,2,0,0
mozilla,Mozilla,https://github.com/mozilla,This technology could fall into the right hands.,2501,10046,0,0,0
douglascrockford,Douglas Crockford,https://github.com/douglascrockford,"I was born in Frostbite Falls, Minnesota. I left when I was 6 months old because it was too damn cold.

My latest book is _A Million And One Random Digits_.",20,21920,2,0,0
nolanlawson,Nolan Lawson,https://github.com/nolanlawson,,468,3352,40,0,0
BrendanEich,Brendan Eich,https://github.com/BrendanEich,"Founder & CEO, Brave Software. Created JavaScript. Co-founded Mozilla and Firefox.",13,6530,5,0,0
transitive-bullshit,Travis Fischer,https://github.com/transitive-bullshit,"My heart is open source üíï 

Formerly @amzn, @microsoft",345,4449,232,0,0
amasad,Amjad Masad,https://github.com/amasad,ceo @ repl.it,146,2294,33,0,0
jeffpar,Jeff Parsons,https://github.com/jeffpar,"Writer of software, consumer of technology and the occasional doughnut.",38,442,83,0,0
torvalds,Linus Torvalds,https://github.com/torvalds,,9,270353,0,0,0
trumank,Truman Kilen,https://github.com/trumank,,89,174,11,0,0
Mojang,Mojang,https://github.com/Mojang,,86,3468,0,0,0
raspberrypi,Raspberry Pi,https://github.com/raspberrypi,,100,6403,0,0,0
slicedlime,slicedlime (Mikael Hedberg),https://github.com/slicedlime,Tech Lead for Minecraft Java Platform at Mojang Studios.,23,576,0,0,0
tc39,Ecma TC39,https://github.com/tc39,"Ecma International, Technical Committee 39 - ECMAScript",317,9560,0,0,0
SethBling,SethBling,https://github.com/SethBling,,10,584,0,0,0
copy,Fabian,https://github.com/copy,,95,2349,1,0,0
ryansolid,Ryan Carniato,https://github.com/ryansolid,,86,3710,26,0,0
as-com,Andrew Sun,https://github.com/as-com,,156,95,11,0,0
gnh1201,"Namhyeon, Go",https://github.com/gnh1201,Your watermelon OPEN UP!,223,218,683,0,0
PullJosh,Josh Pullen,https://github.com/PullJosh,I love education and technology!,59,164,72,0,0
elebumm,Lewis Menelaws,https://github.com/elebumm,"Dad, Husband, Coder and Creator.",76,2629,35,0,0
griffpatch,,https://github.com/griffpatch,,11,857,1,0,0
t3dotgg,Theo Browne,https://github.com/t3dotgg,"I'm just here for the vibes, man",125,16256,58,0,0
TheLogFather,Aka DadOfMrLog,https://github.com/TheLogFather,,1,38,0,0,0
haylinmoore,haylin,https://github.com/haylinmoore,"pushing packets @ as923. Working at @Qumulo
my work account is @qaylinmoore, 
my bot account is @botlinmoore",92,130,42,0,0
MegaApuTurkUltra,MegaApuTurkUltra,https://github.com/MegaApuTurkUltra,"Hello, I'm an 11th grader who used to do things on Scratch.
I enjoy MLG montage parodies and trap music.

https://scratch.mit.edu/users/MegaApuTurkUltra/",21,64,0,0,0
Tegmen,Martin Br√§ndli,https://github.com/Tegmen,,13,10,1,0,0
codediodeio,Jeff Delaney,https://github.com/codediodeio,GDE. Creator of @fireship-io,65,22989,89,0,0
MikeDev101,"Mike J. Renaker / ""MikeDEV""",https://github.com/MikeDev101,"warning: may or may not track you down, visit you while you‚Äôre sleeping, and steal all your rubber ducks (live ducks may also be affected)",14,135,91,0,0
PolyEdge,Dylan,https://github.com/PolyEdge,,6,43,50,0,0
electron,Electron,https://github.com/electron,"Build cross platform desktop apps with JavaScript, HTML, and CSS",108,3697,0,0,0
milomg,Milo Mighdoll,https://github.com/milomg,Your program runs in O(1)  but mine runs in ·µí‚ÅΩ¬π‚Åæ which is much smaller.,80,201,37,0,0
TodePond,Lu Wilson,https://github.com/TodePond,slightly-surreal creative-coding,123,2194,136,0,0
DustinBrett,Dustin Brett,https://github.com/DustinBrett,"Self-Taught Senior Software Engineer, Traveler, Father & Husband",42,1196,0,0,0
WorldLanguages,WorldLanguages,https://github.com/WorldLanguages,CS student,10,333,58,0,0
joker314,Max,https://github.com/joker314,University student studying Computer Science,103,59,45,0,0
mitxela,,https://github.com/mitxela,,50,919,0,0,0
mitsuhiko,Armin Ronacher,https://github.com/mitsuhiko,Software developer and Open Source nut. Creator of the Flask framework. Founder of @earendil-works. Other things of interest: @pallets and @getsentry,326,23253,24,0,0
Goltergaul,Dominik Goltermann,https://github.com/Goltergaul,,29,35,16,0,0
bazhenov,Denis Bazhenov,https://github.com/bazhenov,,82,85,4,0,0
spjoe,,https://github.com/spjoe,,34,12,4,0,0
sebmarkbage,Sebastian Markb√•ge,https://github.com/sebmarkbage,,75,9301,37,0,0
alexcrichton,Alex Crichton,https://github.com/alexcrichton,,467,5355,0,0,0
fitzgen,Nick Fitzgerald,https://github.com/fitzgen,,332,1907,199,0,0
eddyb,Eduard-Mihai Burtescu,https://github.com/eddyb,"@Rust-GPU compiler R&D at @vectorware-inc
(previously: @rust-lang compiler team)",108,706,5,0,0
pvinis,Pavlos Vinieratos,https://github.com/pvinis,Just coding.. and coding.. and using two-dot ellipsis..,416,252,359,0,0
kvark,Dzmitry Malyshau,https://github.com/kvark,,275,1154,38,0,0
Ms2ger,,https://github.com/Ms2ger,,152,322,3,0,0
brson,Brian Anderson,https://github.com/brson,,418,2508,0,0,0
nikomatsakis,Niko Matsakis,https://github.com/nikomatsakis,,288,4377,0,0,0
pcwalton,Patrick Walton,https://github.com/pcwalton,,195,1605,16,0,0
mre,Matthias Endler,https://github.com/mre,Curious person; oxidizing things.,400,2107,358,0,0
orlp,Orson Peters,https://github.com/orlp,,109,798,7,0,0
Dav1dde,David Herberth,https://github.com/Dav1dde,,96,343,6,0,0
Amanieu,Amanieu d'Antras,https://github.com/Amanieu,,103,863,0,0,0
oli-obk,Oli Scherer,https://github.com/oli-obk,,245,774,5,0,0
evanw,Evan Wallace,https://github.com/evanw,,125,13882,36,0,0
syphar,Denis Cornehl,https://github.com/syphar,"professional software person since 2000, 
passionate about backend, data, Heroku, python, rust. 

Discord: syphar#8455 
Matrix: @syphar:beeper.com",120,131,128,0,0
sophiajt,Sophia J. Turner,https://github.com/sophiajt,Previously: @nushell / @rust-lang / TypeScript core team.,127,1565,0,0,0
nrc,Nick Cameron,https://github.com/nrc,"Formerly Rust at @microsoft, @rust-lang core team, @pingcap, @mozilla.",166,1586,0,0,0
trishume,Tristan Hume,https://github.com/trishume,"Open source enthusiast. Projects in Rust, Ruby, C++, JS, Objective-C and more.",187,3372,42,0,0
raphaelstary,Raphael Stary,https://github.com/raphaelstary,software engineer,31,29,24,0,0
Darksonn,Alice Ryhl,https://github.com/Darksonn,Maintainer of Tokio.,76,2394,5,0,0
mstange,Markus Stange,https://github.com/mstange,,130,173,0,0,0
jlesquembre,Jos√© Luis Lafuente,https://github.com/jlesquembre,,97,45,13,0,0
repi,,https://github.com/repi,,34,0,0,0,0
charliermarsh,Charlie Marsh,https://github.com/charliermarsh,"Building @astral-sh: high-performance developer tools for Python, starting with uv and Ruff.",45,6173,18,0,0
DramaDesu,Vladislav Adamkovich,https://github.com/DramaDesu,Game developer with a passion of retro games,127,10,48,0,0
evancz,Evan Czaplicki,https://github.com/evancz,Designer/developer of @elm,37,5923,0,0,0
matklad,Alex Kladov,https://github.com/matklad,"Computers, democracy, and nervous disorder.",504,6603,2,0,0
nnethercote,Nicholas Nethercote,https://github.com/nnethercote,@vectorware-inc and @rust-lang. Previously worked on Valgrind and Firefox. he/him,84,969,0,0,0
dtolnay,David Tolnay,https://github.com/dtolnay,,121,9053,50,0,0
Cerbis,,https://github.com/Cerbis,,0,5,9,0,0
poettering,Lennart Poettering,https://github.com/poettering,,20,1696,1,0,0
obi1kenobi,Predrag Gruevski,https://github.com/obi1kenobi,,107,740,4,0,0
mydea,Francesco Gringl-Novy,https://github.com/mydea,"Engineering Manager @ Sentry, working on the JS SDKs",147,118,1,0,0
yoshuawuyts,Yosh,https://github.com/yoshuawuyts,WebAssembly and Rust @microsoft,852,3243,25,0,0
danielkhan,Daniel Khan,https://github.com/danielkhan,Pragmatic full stack person raised by a Sinclair ZX Spectrum. Product at Sentry.,101,434,0,0,0
mastermax1988,Max,https://github.com/mastermax1988,,47,5,4,0,0
compiler-errors,Michael Goulet,https://github.com/compiler-errors,,61,654,103,0,0
rfbotto,Rui Botto,https://github.com/rfbotto,Experienced software engineer specialised in building performant and scalable frontend applications.,21,34,106,0,0
llogiq,,https://github.com/llogiq,,221,718,16,0,0
jordandobson,Jordan Dobson,https://github.com/jordandobson,"I'm a Design Prototyper creating digital products for web, mobile & AR/VR by combining design, motion & code to solve complex problems with elegant solutions",86,141,192,0,0
mashiox,Matthew Walther,https://github.com/mashiox,,50,85,52,0,0
kwhitley,Kevin R. Whitley,https://github.com/kwhitley,I write tiny things to simplify other things.,129,292,13,0,0
Danese,Danese Cooper,https://github.com/Danese,Open Source Diva since 1999.,1,23,9,0,0
triestpa,Patrick Triest,https://github.com/triestpa,,60,0,0,0,0
CaptainKurt,Kurt Walker,https://github.com/CaptainKurt,,0,17,15,0,0
torinmb,Torin Blankensmith,https://github.com/torinmb,Freelance creative technologist & real-time graphics artist based out of NEW INC. Previously Fiver at the Google Creative Lab.,65,672,21,0,0
wongnat,Nathan Wong,https://github.com/wongnat,,3,7,5,0,0
skylarenglish,,https://github.com/skylarenglish,,14,8,4,0,0
csarkosh,Cyrus Sarkosh,https://github.com/csarkosh,Cloud Developer ¬∑ Web Developer ¬∑ Game Building Hobbyist,6,9,8,0,0
rtyer,Ryan Tyer,https://github.com/rtyer,,41,21,10,0,0
housejester,James Estes,https://github.com/housejester,,22,28,3,0,0
xtyler,Tyler Wright,https://github.com/xtyler,"AI, frontend, fullstack, gameplay engineer who builds TCGs, TTRPGs, and agent-supported entertainment.",6,38,0,0,0
bhalsey,Brent Halsey,https://github.com/bhalsey,,7,10,2,0,0
climberbrad,Brad Jordan,https://github.com/climberbrad,,35,5,2,0,0
josevalim,Jos√© Valim,https://github.com/josevalim,"Creator of @elixir-lang. Chief Adoption Officer at @dashbitco, where we build @tidewave-ai and @livebook-dev.",62,15968,11,0,0
bendc,Benjamin De Cock,https://github.com/bendc,I design and develop user interfaces.,12,1731,18,0,0
Swizec,Swizec Teller,https://github.com/Swizec,,287,1960,44,0,0
philsturgeon,Phil Sturgeon,https://github.com/philsturgeon,"Using APIs to reforest the UK @protect-earth, decarbonizing software at @GreenTurtleTech, and teaching about APIs at @apisyouwonthate. Ex-@wework @PyroCMS ",94,4116,166,0,0
matthewmueller,Matt Mueller,https://github.com/matthewmueller,,596,1717,709,0,0
chrismccord,Chris McCord,https://github.com/chrismccord,,125,3604,32,0,0
thysultan,Sultan,https://github.com/thysultan,,15,177,48,0,0
chrisdambrosio,Chris D'Ambrosio,https://github.com/chrisdambrosio,,45,17,7,0,0
vutran,Vu Tran,https://github.com/vutran,"üíª Engineer @PerplexityAI

$ npx vutran",220,289,44,0,0
EricJJohnson,Eric Johnson,https://github.com/EricJJohnson,,7,19,7,0,0
terkelg,Terkel,https://github.com/terkelg,Brooklyn's favorite tech cuckoo ,50,1987,1106,0,0
fengyuanchen,Fengyuan Chen,https://github.com/fengyuanchen,,27,2662,42,0,0
joeyklee,Joey Lee,https://github.com/joeyklee,"Your friendly, neighborhood creative technologist.",193,662,138,0,0
zouhir,Zouhir ‚ö°Ô∏è,https://github.com/zouhir,Born and raised in Syria üå± Works on @google Search Results Page üîç  Previously Edge Web Platform @microsoft üëæ ,113,680,3,0,0
danaugrs,Daniel Salvadori,https://github.com/danaugrs,"Machine Learning & Computer Graphics. Zig, Rust, Go, Python, Typescript. üáßüá∑",46,244,399,0,0
mthwtkr,Matt T,https://github.com/mthwtkr,,52,38,16,0,0
bonachela,Luciano Bonachela,https://github.com/bonachela,,0,76,362,0,0
rsms,Rasmus,https://github.com/rsms,"Personal Software, languages, compilers, Humans & Computers, and other fun things.
Past professional life at Figma, Facebook, Spotify, Dropbox, etc.",178,7713,46,0,0
arxpoetica,Robert Hall,https://github.com/arxpoetica,"Technology, storytelling, & data. Pet project: https://cinemodal.com/ . ‚ÄúThe heart of the universe is creativity.‚Äù ‚Äì David Bowie",58,165,179,0,0
blvz,Rafael Belvederese,https://github.com/blvz,sleepwalker and daydreamer.,49,25,7,0,0
unconed,,https://github.com/unconed,,47,2832,6,0,0
a327ex,adn,https://github.com/a327ex,,26,1047,130,0,0
rezaali,Reza Ali,https://github.com/rezaali,Product Designer ‚Ä¢ Software Engineer ‚Ä¢ Graphics Enthusiast ‚Ä¢ Human Interface Designer ‚Ä¢ Apple Design Studio,0,929,643,0,0
RobFl,Roberto Floriani,https://github.com/RobFl,,0,2,2,0,0
SirusDoma,CXO2,https://github.com/SirusDoma,,41,25,13,0,0
SayakaIsBaka,Sayaka / ÈªíÁöáÂ∏ù,https://github.com/SayakaIsBaka,,25,50,0,0,0
cej25,CJ,https://github.com/cej25,"Postdoc, working on analysis code for decay spectroscopy data.",12,7,9,0,0
